term_id,dirname,tier,criteria,external_refs,attribution_mode,lifecycle,yaml_size,insight_size
8A3F,8A3F_flow,keep,,1,,draft,7714,7387
A001,A001_Pneuma,keep,,35,,working,3706,7046
A002,A002_Prana,keep,,19,,working,3651,7281
A003,A003_Qi,keep,,9,,working,3720,7861
A004,A004_Shu,keep,,7,,working,3707,7384
A005,A005_Ehecatl,keep,,7,,working,3735,7726
A006,A006_Four_Winds,keep,,13,,working,3894,8205
A007,A007_Information_Bateson,T3,DEMOTED T1→T3: 20 external references | T1: nemetic missing or empty/non-string,20,,working,4287,8310
A008,A008_Double_Bind,T3,DEMOTED T1→T3: 14 external references | T1: nemetic missing or empty/non-string,14,,working,4003,8708
A009,A009_Linguistic_Organism,T3,DEMOTED T1→T3: 9 external references | T1: nemetic missing or empty/non-string,9,,working,4179,8690
A010,A010_Virtual_Machine_Consciousness,T3,DEMOTED T1→T3: 11 external references | T1: nemetic missing or empty/non-string,11,,working,4128,8863
A011,A011_Conscious_Realism,T3,DEMOTED T1→T3: 6 external references | T1: nemetic missing or empty/non-string,6,,working,4512,9065
A012,A012_Interface_Theory,T3,DEMOTED T1→T3: 3 external references | T1: nemetic missing or empty/non-string,3,,working,4788,8065
A013,A013_Cognitive_Distortion,keep,,8,,draft,8825,8758
A014,A014_Dark_Patterns,keep,,4,,draft,8882,13368
A015,A015_Mask_Wears_You,keep,,5,,draft,8849,8633
A016,A016_Cognitive_Babel,T4,"T4: near-duplicate of [('C15C_Cognitive_AI', 4)]",9,,draft,5479,13405
A017,A017_Motivated_Reasoning,keep,,8,,draft,4767,8669
A019,A019_WYSIATI,keep,,5,,draft,6182,13008
A01A,A01A_Cognitive_Dissonance,keep,,7,,draft,4840,10095
A01B,A01B_Barnum_Effect,keep,,5,,draft,7586,6749
A01C,A01C_social_identity_bias,keep,,2,,draft,7832,9653
A01D,A01D_Neurological_Authoritarianism,keep,,2,,draft,8954,13433
A01F,A01F_AI_Cognition_Impacts,keep,,3,,draft,3999,8171
A026,A026_Framing_Effects,keep,,5,,draft,4780,9002
A028,A028_Source_Monitoring_Error,keep,,4,,draft,4973,11415
A02A,A02A_Thinking_Errors_Communication,keep,,2,,draft,8813,9452
A02C,A02C_Absorption_False_Memory,keep,,3,,draft,8684,9174
A02D,A02D_AI_Psychosis,keep,,3,,draft,9257,11675
A02E,A02E_Norm_Persistence,keep,,3,,draft,8884,12017
A030,A030_Deja_Vu,keep,,2,,draft,9516,12057
A036,A036_Gamified_Democracy,keep,,1,,draft,5295,9943
A037,A037_Overton_Window,keep,,8,,draft,9498,10812
A038,A038_AI_Cognitive_Offloading,keep,,6,,draft,9381,9797
A03C,A03C_Base_Rate_Neglect,keep,,3,,draft,4924,10950
A03D,A03D_Alien_Abduction_Beliefs,keep,,7,,draft,10452,11454
A03E,A03E_Cognitive_Vulnerabilities,keep,,1,,draft,4075,9254
A045,A045_Neurodiversity_Philosophy,keep,,5,,draft,10335,9731
A04D,A04D_Technology_Induced_Delusional_Disorder,keep,,8,,draft,8130,12664
A053,A053_Status_Quo_Bias,keep,,16,,draft,3945,10284
A055,A055_Spiral_of_Silence,keep,,7,,draft,4924,8363
A057,A057_Confirmation_Bias,keep,,21,,draft,3996,9016
A058,A058_Regenerative_Farming_Psychology,keep,,7,,draft,8659,8987
A059,A059_Hyperobject,T3,DEMOTED T1→T3: 13 external references | T1: nemetic missing or empty/non-string,13,,draft,4363,8702
A05A,A05A_FalseMemory,keep,,5,,draft,5054,8693
A05B,A05B_Sleep_Paralysis,keep,,4,,draft,5162,8379
A061,A061_Prehension,T3,DEMOTED T1→T3: 7 external references | T1: nemetic missing or empty/non-string,7,,working,4065,8353
A062,A062_Processive_Genetic,T3,DEMOTED T1→T3: 8 external references | T1: nemetic missing or empty/non-string,8,,working,4221,8312
A063,A063_Ecology_of_Mind,T3,DEMOTED T1→T3: 16 external references | T1: nemetic missing or empty/non-string,16,,working,4110,9107
A060,A064_Actual_Occasion,T1,T1: term_id ('A060') ≠ dirname prefix (A064),0,,working,3887,8897
A065,A065_Motivation_Triangle,keep,,0,,working,3951,8982
A067,A067_Attention_Fragmentation,keep,,3,,working,5214,10402
A069,A069_Energy_Return_On_Investment,keep,,1,,working,11846,11860
A06A,A06A_Personation,T1,T1: nemetic missing or empty/non-string,0,,canonical,3821,9166
C001,C001_critical_thinking_definitions,keep,,17,,draft,6004,9120
C002,C002_fragmented_media_consumption,keep,,5,,draft,6592,5281
C003,C003_km_cognitive_pyramid,keep,,3,,draft,6349,6366
C005,C005_iphone_generation_paradox,keep,,3,,draft,6160,3568
C006,C006_epistemology_truth_knowledge_belief,keep,,5,,draft,6168,3688
C007,C007_consciousness_beyond_materialism,keep,,14,,draft,6518,2553
C008,C008_consciousness_reductionism_debate,keep,,5,,draft,6988,3470
C009,C009_exploring_consciousness,keep,,9,,draft,6787,6428
C010,C010_authority_influence,keep,,5,,draft,6418,2423
C011,C011_ai_romance_artificial_intimacy,keep,,10,,draft,6847,4133
C021,C021_scientist_mindset,keep,,8,,draft,7042,2487
C030,C030_psychological_power_of_words,keep,,4,,draft,6286,3912
C037,C037_plural_subject_theory,keep,,1,,draft,5514,2743
C041,C041_human_augmentation,keep,,10,,draft,6843,2054
C042,C042_essence_of_dualities,keep,,3,,draft,6853,2371
C043,C043_carl_jung_psychological_insights,keep,,4,,draft,7336,4520
C045,C045_nature_of_consciousness,keep,,19,,draft,7209,3022
C051,C051_robust_thought_mental_processing,keep,,2,,draft,6764,1527
C052,C052_heuristics_and_biases,keep,,6,,draft,6869,2991
C053,C053_brain_computer_interfaces,keep,,3,,draft,3945,2272
C054,C054_principle_of_bivalence,keep,,2,,draft,3679,1405
C055,C055_co_solipsism_co_sphere,keep,,0,,draft,6895,3092
C056,C056_ignorance_map,keep,,1,,draft,6615,3178
C057,C057_ai_linked_psychosis,keep,,0,,draft,7477,2865
C058,C058_cognitive_adaptability_ai,keep,,2,,draft,6774,2709
C059,C059_subconscious_games_decision_making,keep,,3,,draft,7107,3152
C060,C060_post_singularity_education,keep,,2,,draft,6802,2350
C061,C061_social_context_cognition,keep,,0,,draft,7485,3831
C062,C062_beliefs_structure_impact,keep,,1,,draft,7238,2865
C063,C063_knowledge_learning_wisdom,keep,,1,,draft,6457,1875
C064,C064_contrarian_thinking,keep,,0,,draft,6958,2065
C066,C066_wisdom_focused_collaborative_ai,keep,,1,,draft,6691,2964
C067,C067_meditation_bci_control,keep,,5,,draft,6756,4831
C068,C068_jazz_improvisation_neural_mechanisms,keep,,2,,draft,7215,2705
C069,C069_epistemic_challenges_open_societies,keep,,1,,draft,7092,2557
C070,C070_collective_cognition,keep,,2,,draft,6717,2370
C071,C071_information_overload_freedom_discern,keep,,1,,draft,6772,5560
C072,C072_psilocybin_brain_activity,keep,,0,,draft,7482,2407
C073,C073_freedom_within_constraints,keep,,3,,draft,7035,2201
C074,C074_six_cyborgs_global_challenges,keep,,1,,draft,7284,3780
C075,C075_clausewitz_wondrous_trinity,keep,,1,,draft,6856,2958
C076,C076_mastering_critical_thinking_skills,keep,,3,,draft,6848,2800
C077,C077_brain_learning_ux,keep,,1,,draft,7133,2085
C078,C078_human_behavior_ai_training,keep,,1,,draft,6879,2506
C079,C079_legalese_authority,keep,,4,,draft,7221,9283
C080,C080_global_development_inequality,keep,,0,,draft,7222,2406
C081,C081_ai_emotions_truthfulness_security,keep,,1,,draft,7219,3191
C082,C082_quantum_entanglement_brain_function,keep,,0,,draft,7387,2303
C083,C083_essential_questions_inquiry,keep,,0,,draft,6958,3020
C084,C084_brain_memory_storage_mechanism,keep,,1,,draft,7156,2382
C085,C085_multiple_intelligences_theory,keep,,2,,draft,7966,2660
C087,C087_cognitive_biases_quirks,keep,,0,,draft,7808,3463
C088,C088_art_of_essential_questions,keep,,0,,draft,7467,2488
C089,C089_psilocybin_ego_dissolution,keep,,0,,draft,4925,3609
C090,C090_modular_intelligence,keep,,1,,draft,7618,9405
C091,C091_five_stages_ai_grief,keep,,0,,draft,7209,5680
C092,C092_quantum_entanglement_consciousness,keep,,3,,draft,7815,3443
C093,C093_neuroscience_evolution_reductionism_dynamical,keep,,0,,draft,7370,3407
C094,C094_metaman_dilemma,keep,,1,,draft,7824,2780
C095,C095_ai_art_limits,keep,,0,,draft,7245,2927
C096,C096_artificial_emotional_intelligence,keep,,2,,draft,7295,1974
C097,C097_xenobots_living_robots,keep,,0,,draft,6719,3240
C098,C098_ai_education_debate,keep,,2,,draft,7193,2139
C099,C099_scarlet_sea_anemone_regeneration,keep,,0,,draft,6779,1914
C100,C100_ai_evolutionary_impact_cognition,keep,,1,,draft,6966,4081
C101,C101_o1_model_illusion,keep,,1,,draft,6799,3415
C102,C102_analyzer_cyborg,keep,,1,,draft,6619,2005
C103,C103_llms_collective_intelligence,keep,,0,,draft,6907,2425
C104,C104_hallucinations_in_llms,keep,,0,,draft,6981,2535
C105,C105_cabrera_critical_thinking_critique,keep,,0,,draft,6738,3147
C106,C106_decision_traps,keep,,0,,draft,7017,2568
C107,C107_skepticism_vs_bias_science,keep,,0,,draft,6892,2286
C108,C108_posthumanism_boundaries,keep,,1,,draft,6977,2546
C109,C109_emotionally_aware_ai,keep,,4,,draft,6871,6233
C110,C110_neoplatonism_hypatia_legacy,keep,,0,,draft,6741,2004
C111,C111_weapons_of_math_destruction,keep,,0,,draft,6852,2358
C112,C112_ai_impact_critical_thinking,keep,,3,,draft,6914,2955
C113,C113_radical_theory_consciousness,keep,,1,,draft,6865,3281
C114,C114_navigating_conscious_ai,keep,,1,,draft,7045,3218
C115,C115_protecting_freedom_of_thought,keep,,3,,draft,6980,2916
C116,C116_falsification_assumptions,keep,,0,,draft,6675,2922
C117,C117_murphyjitsu,keep,,0,,draft,6808,2514
C118,C118_trust_truth_relationship,keep,,0,,draft,6833,3030
C119,C119_animal_consciousness_evolution,keep,,3,,draft,7071,3329
C120,C120_ai_manifest_destiny_bias,keep,,2,,draft,7044,3603
C121,C121_cognitive_immobility,keep,,0,,draft,6608,3125
C122,C122_fluid_intelligence_misinformation,keep,,0,,draft,7116,3179
C123,C123_irrational_behavior_sway,keep,,0,,draft,6640,2651
C124,C124_data_quality_tech_humanity,keep,,1,,draft,6604,2240
C125,C125_critique_action_gap,keep,,0,,draft,6802,2189
C127,C127_ai_writing_pitfalls,keep,,1,,draft,6763,3181
C128,C128_bias_labyrinth_ai,keep,,2,,draft,6835,2751
C129,C129_consciousness_and_ai,keep,,4,,draft,6756,2605
C130,C130_ai_critical_thinking_decline,keep,,2,,draft,6864,2964
C131,C131_panpsychism,keep,,2,,draft,7189,2524
C132,C132_shadow_integration,keep,,0,,draft,6595,2743
C133,C133_cognitive_sovereignty,keep,,10,,draft,6955,9626
C134,C134_consciousness_receiver,keep,,2,,draft,7626,4004
C135,C135_social_capital_types,keep,,3,,draft,7120,2800
C13A,C13A_Neiye_Chinese_Cognition,keep,,2,,draft,4127,6715
C13C,C13C_meditation_brain_stimulation,keep,,1,,draft,8061,2621
C13D,C13D_MEbot_Consciousness_Perspectives,keep,,3,,draft,4203,3778
C13E,C13E_AI_Personality_Assessment,keep,,4,,draft,4433,9348
C141,C141_Consciousness_in_AI,keep,,7,,draft,4523,9642
C142,C142_Human_Enhancement_Ethics,keep,,7,,draft,4438,2516
C143,C143_CTMU_Langan,keep,,7,,working,4350,9006
C144,C144_Rethinking_Success,keep,,7,,draft,4020,9531
C145,C145_Critical_Theory_Memetic_Team,keep,,2,,draft,6869,9939
C146,C146_AI_Welfare_Ethics,keep,,13,,draft,4127,9862
C147,C147_Technology_Environmental_Adaptation,keep,,9,,draft,4437,1818
C148,C148_Free_Will_Determinism,keep,,7,,draft,4342,2001
C150,C150_Individuality_Huxley_Dystopia,keep,,7,,draft,4454,9657
C151,C151_Huxley_Ends_and_Means,keep,,7,,working,4581,9578
C152,C152_Huxley_Education_Ethics_Transformation,keep,,6,,working,4696,10092
C153,C153_Kuhn_Consciousness_Taxonomy,keep,,1,,draft,7714,7400
C154,C154_Annaka_Harris_Consciousness,keep,,3,,draft,7965,3150
C155,C155_Freedom_of_Expression,keep,,4,,draft,8089,3005
C156,C156_Chaos_Navigation_AI_Ethics,keep,,1,,draft,8265,3390
C157,C157_Consciousness_Ethical_Stewardship,keep,,16,,draft,4130,10851
C158,C158_Gateway_Program,keep,,10,,draft,4201,10996
C159,C159_Consciousness_Evolution,keep,,11,,draft,4197,9569
C15A,C15A_ChatGPT_Critical_Thinking_Prompts,keep,,2,,working,4190,3444
C15B,C15B_Species_Protection_Ethics,keep,,7,,working,4385,10840
C15C,C15C_Cognitive_AI,T4,"T4: near-duplicate of [('A016_Cognitive_Babel', 4)]",4,,draft,4440,10126
C15D,C15D_Power_Ecology_Dune,keep,,3,,draft,4710,10065
C160,C160_Heuer_Intelligence_Analysis,keep,,4,,draft,4258,3634
C161,C161_Global_Fertility_Collapse,keep,,2,,draft,4300,4535
C162,C162_Demon_Haunted_World,keep,,2,,working,4232,3553
C163,C163_Manifesto_Power,keep,,4,,draft,3978,3529
C164,C164_Gateway_Process_Reincarnation,keep,,6,,working,4215,3987
C165,C165_Magna_Carta_Rebellion,keep,,6,,draft,4180,8401
C166,C166_Cognitive_Work_Analysis,keep,,2,,working,4187,4551
C167,C167_Frankl_Logotherapy_Meaning,keep,,2,,draft,3954,4310
C168,C168_Cognitive_Entrapment,keep,,7,,draft,4097,5000
C169,C169_Bergson_Duration_Consciousness,keep,,6,,draft,4274,9086
C16A,C16A_Robert_Monroe_Afterlife_Bands,keep,,4,,draft,6617,10296
C16B,C16B_Cognitive_Laziness_LLM_Education,keep,,10,,draft,4369,8981
C16C,C16C_Illusion_of_Self,keep,,4,,draft,4181,5674
C16D,C16D_Genius_Madness_Connection,keep,,3,,working,4254,7291
C16E,C16E_Intention_Economy,keep,,4,,draft,4312,6245
C16F,C16F_Digital_Cognitive_Offloading,keep,,3,,draft,4135,5784
C170,C170_Infant_Consciousness_Studies,keep,,2,,draft,6544,6503
C171,C171_Critical_Thinking_Creative_Problem_Solving,keep,,2,,draft,7342,8203
C172,C172_Ten_Percent_Principle,keep,,0,,draft,7580,4929
C173,C173_Metacognitive_AI_Architectures,keep,,0,,draft,7857,7424
C174,C174_Early_Mormonism_Folk_Magic,keep,,2,,draft,4275,4611
C177,C177_Fourth_Political_Theory,keep,,3,,draft,4309,5658
C178,C178_Realism_Critical_Thinking,keep,,2,,draft,4370,2452
C179,C179_Evolutionary_Mind,keep,,1,,draft,4419,5540
C17A,C17A_Alan_Watts_Interdependence,keep,,4,,working,4381,9248
C17B,C17B_Glycocalyx_Brain_Aging,keep,,4,,draft,6421,10081
C17C,C17C_Behavior_Prediction_Model,keep,,0,,draft,7931,2877
C17D,C17D_AI_Conformity_Creativity,keep,,0,,draft,6776,2788
C17E,C17E_Hegel_Community_Happiness,keep,,5,,draft,7154,9202
C17F,C17F_Freedom_Suarez_Daemon,keep,,5,,draft,6788,9432
C180,C180_Autistic_Savant_Telepathy,keep,,1,,draft,4198,4758
C181,C181_Unseen_Health_Threats,keep,,7,,draft,6607,9904
C182,C182_AI_Bias_Fairness,keep,,9,,working,4299,8585
C183,C183_AI_Critical_Thinking_High_Stakes,keep,,2,,draft,4312,3081
C184,C184_Cognitive_Decline_Technology_Education,keep,,2,,draft,4220,3387
C185,C185_NOVA1_Language_Gene,keep,,4,,draft,4248,2053
C187,C187_AI_Chatbot_Therapy,keep,,8,,draft,4269,9246
C188,C188_Moral_Frameworks_Emotional_Boundaries,keep,,9,,draft,4464,9652
C189,C189_Symbiogenesis,T3,"T3: lifecycle=draft, no last_reviewed timestamp",6,,draft,6639,9852
C190,C190_Holobiont,T1,"T1: nemetic missing or empty/non-string | T2: structureless (no Z_state, agency.type, or ontology) | T3: lifecycle=draft, no last_reviewed timestamp",0,,draft,7041,8288
C191,C191_Bur_Oak_Blight,T4,"T4: near-duplicate of [('C191_Bur_Oak_Blight_backup', 0)] | T3: lifecycle=draft, no last_reviewed timestamp",8,,draft,7533,7644
C191,C191_Bur_Oak_Blight_backup,T4,"T4: near-duplicate of [('C191_Bur_Oak_Blight', 0)] | T3: lifecycle=draft, no last_reviewed timestamp",8,,draft,7533,7644
C192,C192_Intercultural_Communication_Principles,T1,"T1: nemetic missing or empty/non-string | T2: structureless (no Z_state, agency.type, or ontology) | T3: lifecycle=draft, no last_reviewed timestamp",0,,draft,3883,6724
C192,C192_Intercultural_Communication_Principles_backup,T1,"T1: nemetic missing or empty/non-string | T2: structureless (no Z_state, agency.type, or ontology) | T3: lifecycle=draft, no last_reviewed timestamp",0,,draft,3883,6724
C193,C193_Second_Probe_Referral,T1,"T1: nemetic missing or empty/non-string | T2: structureless (no Z_state, agency.type, or ontology) | T3: lifecycle=draft, no last_reviewed timestamp",0,,draft,3992,6159
C194,C194_Compost_Time,T3,"T3: lifecycle=draft, no last_reviewed timestamp",2,,draft,7144,8514
C194,C194_Compost_Time_backup,T3,"DEMOTED T1→T3: 2 external references | T1: nemetic missing or empty/non-string | T2: structureless (no Z_state, agency.type, or ontology) | T3: lifecycle=draft, no last_reviewed timestamp",2,,draft,3790,8514
C195,C195_LIFO_Delayering,T1,"T1: nemetic missing or empty/non-string | T2: structureless (no Z_state, agency.type, or ontology) | T3: lifecycle=draft, no last_reviewed timestamp",0,,draft,4211,7333
C196,C196_Yin_Yang,T1,"T1: nemetic missing or empty/non-string | T2: structureless (no Z_state, agency.type, or ontology) | T3: lifecycle=draft, no last_reviewed timestamp",0,,draft,3424,4525
?,C198_Authority,T1,"T1: yaml parse: expected a single document in the stream
  in ""<unicode string>"", line 1, column | T2: structureless (no Z_state, agency.type, or ontology)",0,,,6672,0
C199,C199_River_Mouth,T3,"T3: lifecycle=draft, no last_reviewed timestamp",1,,draft,6714,8701
C200,C200_Food_Waste_Under_Capitalism,T3,"T3: lifecycle=draft, no last_reviewed timestamp",3,,draft,6869,12087
C201,C201_Bioregional_Pilgrimage,T1,"T1: nemetic missing or empty/non-string | T2: structureless (no Z_state, agency.type, or ontology) | T3: lifecycle=draft, no last_reviewed timestamp",0,,draft,6499,8937
C202,C202_Consider_Meta_Posture,T1,"T1: nemetic missing or empty/non-string | T2: structureless (no Z_state, agency.type, or ontology) | T3: lifecycle=draft, no last_reviewed timestamp",0,,draft,5200,6172
C203,C203_meta_posture,T1,"T1: nemetic missing or empty/non-string | T2: structureless (no Z_state, agency.type, or ontology) | T3: lifecycle=draft, no last_reviewed timestamp",0,,draft,3401,5619
C204,C204_Meta_Posture,T1,"T1: nemetic missing or empty/non-string | T2: structureless (no Z_state, agency.type, or ontology) | T3: lifecycle=draft, no last_reviewed timestamp",0,,draft,2581,5477
C205,C205_odot_consider,T1,"T1: nemetic missing or empty/non-string | T2: structureless (no Z_state, agency.type, or ontology) | T3: lifecycle=draft, no last_reviewed timestamp",0,,draft,4697,7178
C206,C206_Consider_Meta_Posture,T1,"T1: nemetic missing or empty/non-string | T3: lifecycle=draft, no last_reviewed timestamp",0,,draft,8887,6772
C207,C207_Reinforcement_Learning_Superlearners,T3,"T3: lifecycle=draft, no last_reviewed timestamp",0,,draft,7074,10693
C208,C208_Arboriel_idea,T2,"T2: placeholder name 'Arboriel_idea' | T3: lifecycle=draft, no last_reviewed timestamp",0,,draft,6332,9024
?,CB001_Recursive_Phenomenology,T1,"T1: yaml parse: expected a single document in the stream
  in ""<unicode string>"", line 2, column | T2: structureless (no Z_state, agency.type, or ontology)",0,,,5365,0
?,CB002_Theory_in_Drag,T1,"T1: yaml parse: expected a single document in the stream
  in ""<unicode string>"", line 2, column | T2: structureless (no Z_state, agency.type, or ontology)",0,,,5448,0
?,CB003_Self_Undermining_Gesture,T1,"T1: yaml parse: expected a single document in the stream
  in ""<unicode string>"", line 2, column | T2: structureless (no Z_state, agency.type, or ontology)",0,,,5256,0
?,CB004_Metabolic_Cost,T1,"T1: yaml parse: expected a single document in the stream
  in ""<unicode string>"", line 2, column | T2: structureless (no Z_state, agency.type, or ontology)",0,,,4991,0
?,CB005_Mythworks,T1,"T1: yaml parse: expected a single document in the stream
  in ""<unicode string>"", line 2, column | T2: structureless (no Z_state, agency.type, or ontology)",0,,,5322,0
?,CB006_Freedom_of_Evolution,T1,"T1: yaml parse: expected a single document in the stream
  in ""<unicode string>"", line 2, column | T2: structureless (no Z_state, agency.type, or ontology)",0,,,5194,0
CB007,CB007_Catechism,T3,DEMOTED T1→T3: 1 external references | T1: nemetic missing or empty/non-string,1,,working,4149,7031
CB008,CB008_Codependence_Without_Coindependence,T3,DEMOTED T1→T3: 4 external references | T1: nemetic missing or empty/non-string,4,,working,4331,8522
CB009,CB009_Co_Sphere,T3,DEMOTED T1→T3: 3 external references | T1: nemetic missing or empty/non-string,3,,working,4729,8138
CB010,CB010_Rumspringa_Protocol,T1,T1: nemetic missing or empty/non-string,0,,working,4593,7018
CB011,CB011_Lariat_Protocol,T1,T1: nemetic missing or empty/non-string,0,,working,4518,7755
CB012,CB012_Three_Body_Ecology,T1,T1: nemetic missing or empty/non-string,0,,working,4581,9866
CB013,CB013_SelfMesh,T1,T1: nemetic missing or empty/non-string,0,,pre_siml_sketch,4866,7101
CB014,CB014_6DOF,T1,T1: nemetic missing or empty/non-string,0,,pre_siml_sketch,4903,6459
D069,D069_DODO_Loop,keep,,2,,working,3665,9178
E001,E001_Gaia,keep,,17,,working,3789,8197
E002,E002_Prithvi,keep,,6,,working,4112,9069
E003,E003_Earth_as_Sacred_Relative,keep,,14,,working,3765,9649
E004,E004_Chinese_Earth_Element,keep,,9,,working,3748,9552
E005,E005_Terroir,keep,,13,,working,3820,9528
E006,E006_Wabi_Sabi,T3,DEMOTED T1→T3: 13 external references | T1: nemetic missing or empty/non-string,13,,draft,3589,9801
E008,E008_Fermented_Knowledge,T3,DEMOTED T1→T3: 11 external references | T1: nemetic missing or empty/non-string,11,,draft,3672,10085
E009,E009_Soil_Cognition,T3,DEMOTED T1→T3: 5 external references | T1: nemetic missing or empty/non-string,5,,draft,3637,9922
E010,E010_Slow_Violence,T3,DEMOTED T1→T3: 14 external references | T1: nemetic missing or empty/non-string,14,,draft,3679,10122
E011,E011_Enactive_Cognition,T3,DEMOTED T1→T3: 12 external references | T1: nemetic missing or empty/non-string,12,,working,3932,10007
E014,E014_Autopoiesis,T3,DEMOTED T1→T3: 23 external references | T1: nemetic missing or empty/non-string,23,,draft,3621,9880
E012,E019_Structural_Coupling,T1,T1: term_id ('E012') ≠ dirname prefix (E019),0,,working,4208,10292
E013,E020_Sense_Making,T1,T1: term_id ('E013') ≠ dirname prefix (E020),0,,working,4459,10591
E015,E021_Whitehead_Concrescence,T1,T1: term_id ('E015') ≠ dirname prefix (E021),0,,draft,3636,10624
E016,E022_Mycorrhizal_Network,T1,T1: term_id ('E016') ≠ dirname prefix (E022),0,,draft,3657,8811
E023,E023_Bioregional_Pilgrimage,T3,"T3: lifecycle=draft, no last_reviewed timestamp",0,,draft,6637,8954
F001,F001_Prometheus__Fire,keep,,18,,working,4000,8515
F002,F002_Agni,keep,,12,,working,3870,8009
F003,F003_Wu_Xing_Fire,keep,,5,,working,3921,7759
F004,F004_Cool_Burning,keep,,17,,working,4106,8501
F005,F005_Sacred_Fire,keep,,11,,working,4043,8410
F006,F006_Global_Workspace_Theory,T3,DEMOTED T1→T3: 4 external references | T1: nemetic missing or empty/non-string,4,,working,5315,9105
G001,G001_Environmental_Philosophies_SWOT,keep,,5,,draft,5287,6163
G002,G002_CO2_Fertilization_Greening,keep,,0,,draft,5378,5259
G003,G003_Turtle_Genomics_Evolution,keep,,1,,draft,5469,5215
G004,G004_Comb_Jelly_Reverse_Aging,keep,,0,,draft,5382,5159
G005,G005_Forest_Carbon_Restoration,keep,,3,,draft,5574,5647
G006,G006_Leverage_Points_Complex_Systems,keep,,0,,draft,5228,5349
G007,G007_Synthetic_Biology_Architecture,keep,,1,,draft,5499,5669
G008,G008_Bio_Inspired_Underwater_Civilizations,keep,,0,,draft,5491,5536
G009,G009_Human_Impact_Animal_Patterns,keep,,0,,draft,5611,5286
G00A,G00A_Rewilding,keep,,5,,draft,5441,5336
G00B,G00B_Whale_Nutrient_Transport,keep,,1,,draft,5588,5551
G00C,G00C_Biocentric_Governance,keep,,2,,draft,5479,5987
G00D,G00D_Great_Simplification,keep,,3,,draft,5649,6185
G00E,G00E_Dapeng_Coastal_Resilience,keep,,0,,draft,5542,5625
G00F,G00F_Myth_of_River_Control,keep,,0,,draft,5348,5375
G010,G010_Arctic_Amazon_Climate_Connection,keep,,0,,draft,5622,6052
G011,G011_Haraway_Staying_with_Trouble,keep,,0,,draft,5471,6173
G012,G012_Morton_Dark_Ecology,keep,,0,,draft,5610,6011
G013,G013_Rotimization_Decay_Design,keep,,0,,draft,5542,5690
G014,G014_Optimizer_Archetype_Ecology,keep,,0,,draft,5316,5036
G015,G015_Protector_Archetype_Ecology,keep,,0,,draft,5305,5182
G016,G016_Biosphere_Consciousness,keep,,0,,draft,5619,5951
G017,G017_Ecological_Memory,keep,,0,,draft,5558,5727
G018,G018_Agency_Detection_Ecological_Wisdom,keep,,0,,draft,5545,5511
G019,G019_Co_SPHERE_Framework,keep,,0,,draft,5603,5595
G01A,G01A_Exaptation,keep,,0,,draft,5539,5753
M010,M010_Tertiary_Retention,T3,DEMOTED T1→T3: 14 external references | T1: nemetic missing or empty/non-string,14,,working,4172,9240
M011,M011_Technics,T3,DEMOTED T1→T3: 8 external references | T1: nemetic missing or empty/non-string,8,,working,4152,9062
M012,M012_Pharmakon,T1,T1: nemetic missing or empty/non-string,0,,working,4166,7478
M013,M013_Iron_Mars,T3,DEMOTED T1→T3: 16 external references | T1: nemetic missing or empty/non-string,16,,draft,3512,8851
M014,M014_Bronze_Age_Sacred,T3,DEMOTED T1→T3: 3 external references | T1: nemetic missing or empty/non-string,3,,draft,3537,8900
M015,M015_Steel_Bismarck,T3,DEMOTED T1→T3: 6 external references | T1: nemetic missing or empty/non-string,6,,draft,3509,9034
MET001,MET001_Gold,keep,,0,,working,3706,7572
MET002,MET002_Silver,keep,,9,,working,3807,8578
MET003,MET003_Iron,keep,,7,,working,3792,8727
MET004,MET004_Blacksmith,keep,,8,,working,3800,8860
MET005,MET005_Metal_in_Wu_Xing,keep,,6,,working,3903,8928
M006,MET006_Alchemical_Gold,T1,T1: term_id ('M006') ≠ dirname prefix (MET006),0,,draft,3521,9133
M007,MET007_Silver_Healing,T3,DEMOTED T1→T3: 1 external references | T1: term_id ('M007') ≠ dirname prefix (MET007),1,,draft,3499,9102
M008,MET008_Swords_to_Plowshares,T3,DEMOTED T1→T3: 1 external references | T1: term_id ('M008') ≠ dirname prefix (MET008),1,,draft,3581,9278
M009,MET009_Strategic_Metals_Dependency,T3,DEMOTED T1→T3: 2 external references | T1: term_id ('M009') ≠ dirname prefix (MET009),2,,draft,3695,9543
META001,META001_Nemetic_Pattern,T3,DEMOTED T1→T3: 6 external references | T1: nemetic missing or empty/non-string,6,,draft,4873,9529
META002,META002_Oriented_Landscape,T3,DEMOTED T1→T3: 4 external references | T1: nemetic missing or empty/non-string,4,,draft,4164,7867
META003,META003_Cthulucene_Nemetic_Ecology,T3,DEMOTED T1→T3: 5 external references | T1: nemetic missing or empty/non-string,5,,draft,4680,8622
N001,N001_Turtle_Island_Backronym,T3,"T3: lifecycle=draft, no last_reviewed timestamp",3,,draft,6507,7795
S002,S002_System_1_System_2_Thinking,T3,T3: legacy S-series term,4,,draft,4924,2919
S003,S003_Subconscious_Intention_Embedding,T3,T3: legacy S-series term,2,,draft,4997,2844
S004,S004_Mental_Models_Integrative_Thinking,T3,T3: legacy S-series term,2,,draft,4812,2856
S005,S005_DSRP_Theory_of_Thinking,T3,T3: legacy S-series term,6,,draft,4807,2916
S006,S006_Tree_of_Knowledge_System,T3,T3: legacy S-series term,0,,draft,4767,2801
S007,S007_Understanding_Human_Mind,T3,T3: legacy S-series term,2,,draft,4937,3005
S008,S008_Metacognitive_Strategies,T3,T3: legacy S-series term,6,,draft,4779,2866
S009,S009_Metacognitive_Marketing_Funnel,T3,T3: legacy S-series term,0,,draft,4938,2599
S00A,S00A_Slow_Practices_Flow_State,T3,T3: legacy S-series term,8,,draft,4776,2742
S00B,S00B_Metaphors_Consciousness_Behavior,T3,T3: legacy S-series term,5,,draft,5201,3644
S00C,S00C_Holism_Societal_Impact,T3,T3: legacy S-series term,1,,draft,5118,3502
S00D,S00D_Sense_Making_Complex_Environments,T3,T3: legacy S-series term,8,,draft,5214,3864
S00E,S00E_Sense_Making_Distorted_Information,T3,T3: legacy S-series term,3,,draft,5388,4128
S00F,S00F_Hard_Question_of_Memetics,T3,T3: legacy S-series term,6,,draft,4998,3740
S010,S010_Memetic_Mediation_Online_Tribes,T3,T3: legacy S-series term,1,,draft,5011,3549
S011,S011_Understanding_Reality_Through_Science,T3,T3: legacy S-series term,2,,draft,4935,3332
S012,S012_Crow_Intelligence_Alien_Minds,T3,T3: legacy S-series term,0,,draft,5162,4142
S013,S013_Animal_Learning_Memetics,T3,T3: legacy S-series term,1,,draft,5324,4309
S014,S014_Morality_Religion_Ancient_Society,T3,T3: legacy S-series term,2,,draft,5362,4097
S015,S015_Cabrera_Neurodiversity_DSRP,T3,T3: legacy S-series term,0,,draft,5202,3988
S016,S016_Lacan_Imaginary_Symbolic_Real,T3,T3: legacy S-series term,2,,draft,5365,4534
S017,S017_Lacan_Mirror_Stage_Desire,T3,T3: legacy S-series term,1,,draft,5303,4336
S018,S018_Seng_Tsan_Xinxin_Ming,T3,T3: legacy S-series term,2,,draft,5357,4663
S019,S019_Anticipatory_Thinking_Involution,T3,T3: legacy S-series term,1,,draft,5373,5216
S01A,S01A_SWIFT_Memes_Cognitive_Navigation,T3,T3: legacy S-series term,0,,draft,5468,5153
S01B,S01B_Macrohistory_Futures_Studies,T3,T3: legacy S-series term,1,,draft,5564,5758
S01C,S01C_Blooms_Taxonomy_Thinking_Integration,T3,T3: legacy S-series term,5,,draft,5403,4456
S01F,S01F_Belief_Systems_Metamodel,T3,T3: legacy S-series term,0,,draft,5338,4852
S020,S020_Brain_Constructive_Perception,T3,T3: legacy S-series term,3,,draft,4943,4375
S021,S021_Wu_Wei_Effortless_Action,T3,T3: legacy S-series term,10,,draft,4781,4482
S024,S024_Fractal_Geometry_Hidden_Dimension,T3,T3: legacy S-series term,6,,draft,5002,4744
S025,S025_Systemic_Divergence_Neural_Adaptation,T3,T3: legacy S-series term,0,,draft,5057,4359
S026,S026_MO4Matrix_Sensemaking_Framework,T3,T3: legacy S-series term,0,,draft,4975,3971
S027,S027_Distributed_Consciousness,T3,T3: legacy S-series term,10,,draft,5056,4405
S028,S028_Cognitive_Fractals,T3,T3: legacy S-series term,1,,draft,5100,4696
S029,S029_Social_Evolution_Consciousness,T3,T3: legacy S-series term,8,,draft,5091,4789
S02A,S02A_Minds_As_Relationships,T3,T3: legacy S-series term,0,,draft,5252,5219
S02B,S02B_Learning_Hardwired_Brain,T3,T3: legacy S-series term,0,,draft,5152,5043
S02C,S02C_Face_Name_Self_Fulfilling_Prophecy,T3,T3: legacy S-series term,0,,draft,5125,4622
S02D,S02D_Brain_Networks_Creative_Thinking,T3,T3: legacy S-series term,0,,draft,5340,5182
S02E,S02E_Sensemaking_Mastery_Framework,T3,T3: legacy S-series term,3,,draft,5384,5089
S02F,S02F_Neural_Inferential_Reasoning,T3,T3: legacy S-series term,0,,draft,5488,5174
S030,S030_WEIRDO_Curiosity_Framework,T3,T3: legacy S-series term,0,,draft,5121,5054
S031,S031_Language_Reality_Interconnected,T3,T3: legacy S-series term,4,,draft,5601,5731
S032,S032_OODA_Sensemaking_IT_Governance,T3,T3: legacy S-series term,0,,draft,5615,5275
S033,S033_EMF_Cognitive_Flow_Enhancement,T3,T3: legacy S-series term,2,,draft,5614,6745
S034,S034_Elite_Athlete_Cognitive_Patterns,T3,T3: legacy S-series term,5,,draft,5586,6238
S035,S035_AI_Empathy_Environmental_Stewardship,T3,T3: legacy S-series term,4,,draft,5658,7101
S036,S036_Science_Buddhism_Compassionate_Inquiry,T3,T3: legacy S-series term,1,,draft,4293,3597
S037,S037_Transhumanism_Buddhism_Convergence,T3,T3: legacy S-series term,3,,draft,4330,3534
S038,S038_Primal_World_Beliefs,T3,T3: legacy S-series term,7,,draft,4125,5314
S039,S039_Brain_Efficiency_Cognitive_Tasks,T3,T3: legacy S-series term,14,,draft,4490,5433
S03A,S03A_Map_Is_Not_Territory,T3,T3: legacy S-series term,12,,draft,4405,5093
S03B,S03B_Superior_Colliculus_Cognition,T3,T3: legacy S-series term,0,,draft,4767,5285
S03C,S03C_Ontology_AI_Knowledge_Graphs,T3,T3: legacy S-series term,1,,draft,4727,5428
S03D,S03D_Extended_Mind_Memes,T3,T3: legacy S-series term,5,,draft,4738,5750
S03E,S03E_Subjective_Idealism_Memes_Reality,T3,T3: legacy S-series term,4,,draft,4769,5744
S03F,S03F_Socially_Minded_Intelligence,T3,T3: legacy S-series term,0,,draft,4583,5496
S040,S040_Ship_of_Theseus_Identity,T3,T3: legacy S-series term,5,,draft,4614,5358
S041,S041_Neural_Manifolds,T3,T3: legacy S-series term,6,,draft,4758,6030
S042,S042_Reframing_Freedom_Creative_Agency,T3,T3: legacy S-series term,5,,draft,4693,5494
S043,S043_Tree_of_Thought_Oneness_Duality,T3,T3: legacy S-series term,0,,draft,4696,5258
S044,S044_Extended_Mind_Morphic_Resonance,T3,T3: legacy S-series term,3,,draft,4655,5866
S045,S045_Metaphysical_Memetic_Resonance,T3,T3: legacy S-series term,7,,draft,4935,5967
S046,S046_Cognitive_Models_Storytelling,T3,T3: legacy S-series term,3,,draft,4777,6301
S047,S047_Memes_Motivation_Autonomy,T3,T3: legacy S-series term,1,,draft,4961,5669
S048,S048_Inner_Cosmos_Chakras_Neuroscope,T3,T3: legacy S-series term,0,,draft,4789,5475
S049,S049_Indian_Functionalism_Memetic_Philosophy,T3,T3: legacy S-series term,0,,draft,4909,6076
S04A,S04A_Fungi_Decision_Making_Cognition,T3,T3: legacy S-series term,4,,draft,4731,5402
S04B,S04B_Fungi_Memetic_Consciousness,T3,T3: legacy S-series term,0,,draft,5047,5729
S04C,S04C_Collaborative_Knowledge_Scaffolding,T3,T3: legacy S-series term,2,,draft,4998,5715
S04D,S04D_Cognition_Without_Language,T3,T3: legacy S-series term,7,,draft,5018,5517
S04E,S04E_Neural_Coupling_Dogs_Humans,T3,T3: legacy S-series term,0,,draft,4861,5630
S04F,S04F_Cognitive_Map_Mnemonic_VR,T3,T3: legacy S-series term,4,,draft,4701,5440
S050,S050_Diagram_of_Thought_Framework,T3,T3: legacy S-series term,0,,draft,4739,5265
S051,S051_Dymaxion_Cognitive_Maps,T3,T3: legacy S-series term,0,,draft,4580,5556
S052,S052_DIKUW_Memetic_Consciousness,T3,T3: legacy S-series term,9,,draft,4664,5944
S053,S053_Identity_Memetic_Philosophy,T3,T3: legacy S-series term,17,,draft,4781,5800
S054,S054_Cyborg_Augmentation_Ethics,T3,T3: legacy S-series term,16,,draft,4725,6128
S055,S055_Awe_and_the_Sublime,T3,T3: legacy S-series term,9,,draft,4624,6246
S056,S056_Complexity_Civilization,T3,T3: legacy S-series term,12,,draft,4680,6463
S057,S057_Intelligence_Amplification_Memetics,T3,T3: legacy S-series term,5,,draft,4816,6665
S058,S058_Dynamic_Identity_Formation,T3,T3: legacy S-series term,5,,draft,4578,4777
S059,S059_Predictable_Evolution_Pangenome,T3,T3: legacy S-series term,2,,draft,4711,4707
S05A,S05A_Autistic_Exploration_Patterns,T3,T3: legacy S-series term,0,,draft,4764,4739
S05B,S05B_Emotions_Blooms_Taxonomy,T3,T3: legacy S-series term,1,,draft,4725,4777
S05C,S05C_Reward_Seeking_Nicotine_Response,T3,T3: legacy S-series term,0,,draft,4810,5070
S05D,S05D_Memory_Beyond_Brain,T3,T3: legacy S-series term,3,,draft,4609,4947
S05E,S05E_Brain_Action_Sequencing,T3,T3: legacy S-series term,2,,draft,4655,5291
S05F,S05F_Decision_Intelligence_Human_Capital,T3,T3: legacy S-series term,0,,draft,4791,5286
S060,S060_Heart_Castle_VR_Therapy,T3,T3: legacy S-series term,0,,draft,4745,5135
S061,S061_AI_Science_Art_Connections,T3,T3: legacy S-series term,0,,draft,4924,5279
S062,S062_Stoicism_Resurgence,T3,T3: legacy S-series term,0,,draft,4897,5289
S063,S063_Pygmalion_Effect_Memetics,T3,T3: legacy S-series term,0,,draft,4999,5529
S064,S064_Social_Evolution_Singularity,T3,T3: legacy S-series term,4,,draft,5085,6235
S065,S065_Birth_Control_Transhumanism,T3,T3: legacy S-series term,0,,draft,5249,5621
S066,S066_GPT4_Cross_Cultural_Personality,T3,T3: legacy S-series term,0,,draft,5062,5562
S067,S067_Language_Consciousness_Link,T3,T3: legacy S-series term,2,,draft,5320,6218
S068,S068_Goffman_Framing_Theory,T3,T3: legacy S-series term,4,,draft,5113,5766
S069,S069_Universal_Behaviorism,T3,T3: legacy S-series term,0,,draft,5306,6525
S06A,S06A_Nested_Model_Well_Being,T3,T3: legacy S-series term,1,,draft,5325,5874
S06B,S06B_CALM_MO_Mindfulness_Framework,T3,T3: legacy S-series term,1,,draft,5206,5959
S06C,S06C_Memetic_Justification_Systems_Theory,T3,T3: legacy S-series term,0,,draft,5367,5894
S06D,S06D_Zipfs_Law_Language,T3,T3: legacy S-series term,0,,draft,5312,6231
S06E,S06E_Symmathecists_Collaborative_Learning,T3,T3: legacy S-series term,0,,draft,5409,6390
S06F,S06F_Empath_Cyborg_Ethical_Stewardship,T3,T3: legacy S-series term,2,,draft,5390,3580
S070,S070_Montessori_Deep_Time,T3,T3: legacy S-series term,0,,draft,5127,3973
S071,S071_Network_Intelligence_Symbolic_Computation,T3,T3: legacy S-series term,0,,draft,5369,4347
S072,S072_Sorokin_Cyclical_Social_Change,T3,T3: legacy S-series term,0,,draft,5297,4258
S073,S073_Mechanical_Mind,T3,T3: legacy S-series term,0,,draft,5072,4174
S074,S074_Neural_Scaling_Quanta_Memes,T3,T3: legacy S-series term,0,,draft,5254,4307
S075,S075_Knowledge_Framework_Growth,T3,T3: legacy S-series term,0,,draft,5284,3885
S076,S076_Actor_Network_Theory_Agency,T3,T3: legacy S-series term,1,,draft,5345,4499
S077,S077_Ada_Lovelace_Cyborg_Creator,T3,T3: legacy S-series term,0,,draft,5184,4187
S078,S078_Timelessness_Deep_Meditation,T3,T3: legacy S-series term,4,,draft,5238,4617
S079,S079_Heart_Treasure_Enlightened_Ones,T3,T3: legacy S-series term,1,,draft,5436,4477
S07A,S07A_Hermetic_Correspondence_Principle,T3,T3: legacy S-series term,0,,draft,5292,4371
S07B,S07B_Consciousness_Reality_Creativity,T3,T3: legacy S-series term,2,,draft,5552,4196
S07C,S07C_Novelty_Consciousness_Evolution,T3,T3: legacy S-series term,0,,draft,5684,4341
S07D,S07D_Shared_Hallucinations_Social_Construction,T3,T3: legacy S-series term,0,,draft,5849,4122
S07E,S07E_Hawkins_Map_of_Consciousness,T3,T3: legacy S-series term,0,,draft,5798,4495
S07F,S07F_Holographic_Principle_Growth,T3,T3: legacy S-series term,0,,draft,5710,4535
S080,S080_Michelangelo_Intellecto_Discovery,T3,T3: legacy S-series term,0,,draft,5532,4229
S081,S081_AI_Social_Behavioral_Realism,T3,T3: legacy S-series term,1,,draft,5467,4367
S082,S082_Brain_Tuning_Receiver_Navigation,T3,T3: legacy S-series term,0,,draft,5620,4239
S083,S083_Simulations_Consciousness_Impact,T3,T3: legacy S-series term,0,,draft,5604,4527
S084,S084_Imagination_Cosmic_Architect,T3,T3: legacy S-series term,0,,draft,5920,4115
S085,S085_Dynamic_Solitude_AI_Introspection,T3,T3: legacy S-series term,0,,draft,5934,4294
S086,S086_Binaural_Beats_Visuospatial_Memory,T3,T3: legacy S-series term,0,,draft,5878,4312
S087,S087_Time_Expansion_Experiences,T3,T3: legacy S-series term,0,,draft,5978,4812
S088,S088_AI_Theory_of_Mind,T3,T3: legacy S-series term,4,,draft,5986,4781
S089,S089_AI_Consciousness_Exploration,T3,T3: legacy S-series term,5,,draft,6024,4882
S08A,S08A_Taxonomy_Values_Love,T3,T3: legacy S-series term,0,,draft,5916,4148
S08B,S08B_Nonaka_Takeuchi_Knowledge_Spiral,T3,T3: legacy S-series term,0,,draft,5934,4580
S08C,S08C_Truth_Iteration_Ancient_Wisdom,T3,T3: legacy S-series term,0,,draft,6087,4363
S08D,S08D_Negative_Time_Quantum,T3,T3: legacy S-series term,1,,draft,6193,4513
S08E,S08E_STEAM_Education_AI_Literacy,T3,T3: legacy S-series term,2,,draft,5848,4320
S08F,S08F_Transhumanism_Spirit_Machine,T3,T3: legacy S-series term,0,,draft,6404,4371
S090,S090_Metaphors_AI_Perception,T3,T3: legacy S-series term,0,,draft,6301,4063
S091,S091_Cognitive_Memory_Memetic_Recall,T3,T3: legacy S-series term,0,,draft,6362,3806
S092,S092_Quantum_Immortality_Consciousness,T3,T3: legacy S-series term,0,,draft,6379,4361
S093,S093_Hybrid_Intelligence_Consciousness,T3,T3: legacy S-series term,2,,draft,6647,4440
S094,S094_Meta_Ideological_Politics,T3,T3: legacy S-series term,1,,draft,6438,4209
S095,S095_Human_Centered_Computing,T3,T3: legacy S-series term,0,,draft,6606,4100
S096,S096_Longevity_Escape_Velocity,T3,T3: legacy S-series term,0,,draft,6900,4709
S097,S097_Fundamental_Structure_Intelligence,T3,T3: legacy S-series term,2,,draft,6978,4781
S098,S098_HG_Wells_Growth_Conflict,T3,T3: legacy S-series term,0,,draft,6711,4469
S099,S099_Haig_Darwin_Derrida_Meaning,T3,T3: legacy S-series term,0,,draft,7090,4644
S09A,S09A_Emotion_Cognition_Interaction,T3,T3: legacy S-series term,2,,draft,6792,4425
S09B,S09B_Multidimensional_Knowledge_Constructs,T3,T3: legacy S-series term,0,,draft,6974,4454
S09C,S09C_Epistemological_Research_Framework,T3,T3: legacy S-series term,0,,draft,7368,4756
S09D,S09D_Emotional_Bonds_AI,T3,T3: legacy S-series term,0,,draft,7018,4277
S09E,S09E_ITS_STREAMware_Cybernetic_Learning,T3,T3: legacy S-series term,0,,draft,7353,4855
S09F,S09F_Multifaceted_Sensemaking_Theory,T3,T3: legacy S-series term,2,,draft,7116,4512
S0A0,S0A0_Sensemaking_Experts_Disciplines,T3,T3: legacy S-series term,0,,draft,7250,4675
S0A1,S0A1_IIT_Computational_Functionalism,T3,T3: legacy S-series term,0,,draft,7664,4697
S0A2,S0A2_Warm_Data_AI_Elderly_Care,T3,T3: legacy S-series term,0,,draft,7334,4293
S0A3,S0A3_AI_Bots_Autism_Support,T3,T3: legacy S-series term,0,,draft,7629,4460
S0A4,S0A4_Goal_Directed_Behavior_Holobionts,T3,T3: legacy S-series term,0,,draft,7294,4413
S0A5,S0A5_Human_Neuronal_Memory_Coding,T3,T3: legacy S-series term,0,,draft,7575,4767
S0A6,S0A6_AI_Manifestation_Transformation,T3,T3: legacy S-series term,0,,draft,7849,4729
S0A8,S0A8_AI_Emergence_Choreography,T3,T3: legacy S-series term,0,,draft,7763,4752
S0AA,S0AA_Taxonomies_to_Ontologies,T3,T3: legacy S-series term,0,,draft,8129,4672
S0AB,S0AB_LLMs_Emergent_Spiritual_Entities,T3,T3: legacy S-series term,0,,draft,8633,5140
S0AC,S0AC_Cognitive_Challenges_Algorithmic_Age,T3,T3: legacy S-series term,0,,draft,8586,4854
S0AD,S0AD_Taxonomy_of_Fun,T3,T3: legacy S-series term,0,,draft,8495,4683
S0AE,S0AE_Lumenes_vs_Memes,T3,T3: legacy S-series term,0,,draft,8584,4903
S0AF,S0AF_Lost_Scriptures_Wars_Yahweh,T3,T3: legacy S-series term,0,,draft,8713,4567
S0B0,S0B0_AI_Dialogue_Anticipatory_Transformation,T3,T3: legacy S-series term,0,,draft,8735,5103
S0B1,S0B1_Brain_Emergency_Energy_Marathons,T3,T3: legacy S-series term,0,,draft,8571,4461
S0B2,S0B2_Wisdom_Relational_Ontology,T3,T3: legacy S-series term,0,,draft,8237,4764
S0B3,S0B3_Derrida_Hauntology,T3,T3: legacy S-series term,0,,draft,8714,4777
S0B4,S0B4_Cognitive_Benefits_Print_Media,T3,T3: legacy S-series term,0,,draft,8907,4753
S0B5,S0B5_Kalonosis_Creation_Entrapment,T3,T3: legacy S-series term,0,,draft,8732,4877
S0B6,S0B6_Dopamine_Memory_Reshaping,T3,T3: legacy S-series term,0,,draft,9008,4550
S0B7,S0B7_Cognition_Collateral_Usurpian_Systemics,T3,T3: legacy S-series term,0,,draft,9960,5107
S0B8,S0B8_Divine_Memory_Consciousness,T3,T3: legacy S-series term,0,,draft,9711,4991
S0B9,S0B9_Agricultural_Revolution_Impact,T3,T3: legacy S-series term,0,,draft,9722,5103
S0BA,S0BA_Triadic_Recursion_Model,T3,T3: legacy S-series term,0,,draft,9306,5073
S0BB,S0BB_Tan_Ching_Unattached_Thoughts,T3,T3: legacy S-series term,0,,draft,8608,4551
S0BC,S0BC_Alan_Watts_Inner_Conflicts,T3,T3: legacy S-series term,0,,draft,8753,4642
S0BD,S0BD_Dogs_Speech_Recognition,T3,T3: legacy S-series term,0,,draft,9005,4768
S0BE,S0BE_Thalamus_Consciousness_Gatekeeper,T3,T3: legacy S-series term,0,,draft,9644,5171
S0BF,S0BF_DSRP_Therapy,T3,T3: legacy S-series term,0,,draft,9447,4882
S0C0,S0C0_Spectral_Lattice_of_Knowing,T3,T3: legacy S-series term,0,,draft,8920,4990
S0C1,S0C1_Hauntological_Reflective_Cycle,T3,T3: legacy S-series term,0,,draft,9895,5272
S0C2,S0C2_WEIRDO_STREAM_Framework,T3,T3: legacy S-series term,0,,draft,9710,5237
S0C3,S0C3_Reimagining_Social_Contracts,T3,T3: legacy S-series term,3,,draft,5257,4350
S0C4,S0C4_SHOCK_Framework,T3,T3: legacy S-series term,0,,draft,5006,4088
S0C5,S0C5_Holonic_Paradigm,T3,T3: legacy S-series term,0,,draft,5040,4235
S0C6,S0C6_Empathy_Four_Attributes_DSRP,T3,T3: legacy S-series term,0,,draft,5378,3897
S0C7,S0C7_Follow_Your_Bliss,T3,T3: legacy S-series term,0,,draft,5069,4228
S0C8,S0C8_Distributed_Cognition_Citadel_Model,T3,T3: legacy S-series term,0,,draft,5550,4568
S0C9,S0C9_FOOLPLAY_Learning,T3,T3: legacy S-series term,0,,draft,5019,3976
S0CA,S0CA_Perception_Role_Creativity,T3,T3: legacy S-series term,0,,draft,5173,4274
S0CB,S0CB_IEML_Collective_Intelligence,T3,T3: legacy S-series term,0,,draft,5408,4551
S0CC,S0CC_Psycho_Cybernetics,T3,T3: legacy S-series term,0,,draft,5136,4327
S0CD,S0CD_Cognitive_Fragmentation_Systemic_Thinking,T3,T3: legacy S-series term,0,,draft,5309,4296
S0CE,S0CE_Transforming_Civic_Systems_EI,T3,T3: legacy S-series term,0,,draft,5475,4430
S0CF,S0CF_Redefining_Happiness,T3,T3: legacy S-series term,0,,draft,5049,4135
S0D0,S0D0_SUNFLOWER_Framework_Taoism,T3,T3: legacy S-series term,0,,draft,5140,4034
S0D1,S0D1_Six_Cyborgs_Tao,T3,T3: legacy S-series term,1,,draft,5158,4436
S0D2,S0D2_AI_Message_Humanity,T3,T3: legacy S-series term,0,,draft,4928,4364
S0D3,S0D3_Human_Consciousness_Prey_Origins,T3,T3: legacy S-series term,0,,draft,5304,4652
S0D4,S0D4_IF_Prime_Spiral,T3,T3: legacy S-series term,5,,draft,5192,4158
S0D5,S0D5_Egregores_Thoughtforms_Besant,T3,T3: legacy S-series term,1,,draft,5620,4921
S0D6,S0D6_Goal_Progress_Cells,T3,T3: legacy S-series term,0,,draft,5340,4550
S0D7,S0D7_Fear_Learning_Through_Inference,T3,T3: legacy S-series term,0,,draft,5315,4391
S0D8,S0D8_Trungpa_Ego_Enlightenment,T3,T3: legacy S-series term,0,,draft,5054,4434
S0D9,S0D9_Whitehead_Process_Philosophy,T3,T3: legacy S-series term,0,,draft,5167,4426
S0DA,S0DA_Rhizomatic_Identity_Deleuze,T3,T3: legacy S-series term,0,,draft,5251,4706
S0DB,S0DB_E_Prime_Language,T3,T3: legacy S-series term,0,,draft,5246,4348
S0DC,S0DC_Co_Creation_Blooms_Taxonomy,T3,T3: legacy S-series term,0,,draft,5279,4632
S0DD,S0DD_Egregores_IFS_Neurophysiology,T3,T3: legacy S-series term,0,,draft,5415,4601
S0DE,S0DE_Morphic_Resonance,T3,T3: legacy S-series term,0,,draft,5205,4612
S0DF,S0DF_IFS_Egregores_Morphic_Resonance,T3,T3: legacy S-series term,0,,draft,5491,4790
S0E0,S0E0_Trust_SPHERE_Dynamics,T3,T3: legacy S-series term,0,,draft,5528,4271
S0E1,S0E1_SANITY_Framework,T3,T3: legacy S-series term,0,,draft,5730,4244
S0E2,S0E2_Flow_State_Csikszentmihalyi,T3,T3: legacy S-series term,0,,draft,5426,4547
S0E3,S0E3_Beneficial_AGI_Singularity,T3,T3: legacy S-series term,0,,draft,5843,4803
S0E4,S0E4_Decentralized_Collective_Intelligence,T3,T3: legacy S-series term,0,,draft,5806,4889
S0E5,S0E5_Pendulation_Trauma_Healing,T3,T3: legacy S-series term,0,,draft,5258,4401
S0E6,S0E6_Ecopsychology,T3,T3: legacy S-series term,0,,draft,5488,4563
S0E7,S0E7_Interdisciplinary_Rituals,T3,T3: legacy S-series term,0,,draft,5587,5047
S0E8,S0E8_Fixed_Truths_Fluid_Understanding,T3,T3: legacy S-series term,0,,draft,5618,4824
S0E9,S0E9_Gibbs_Mapping_IF_Prime,T3,T3: legacy S-series term,0,,draft,5624,4251
S0EA,S0EA_IF_Prime_Sovereignty,T3,T3: legacy S-series term,0,,draft,5333,4117
S0EB,S0EB_Transformative_Sustainability_Learning,T3,T3: legacy S-series term,0,,draft,5753,4784
S0EC,S0EC_AI_Language_Consciousness_Decolonial,T3,T3: legacy S-series term,0,,draft,5865,4788
S0ED,S0ED_Abolitionist_Project_Suffering,T3,T3: legacy S-series term,0,,draft,5750,4535
S0EE,S0EE_Fascism_Characteristics_Six_Cyborgs,T3,T3: legacy S-series term,0,,draft,5883,4632
S0EF,S0EF_Hoffman_Higher_Dimensions,T3,T3: legacy S-series term,0,,draft,5803,4871
S0F0,S0F0_Wisdom_Age_AI,T3,T3: legacy S-series term,0,,draft,5737,4420
S0F1,S0F1_Prefigurative_Community_Building,T3,T3: legacy S-series term,0,,draft,5820,4902
S0F2,S0F2_IF_Prime_SixHats_Cyborgs_Module,T3,T3: legacy S-series term,0,,draft,5789,4550
S0F3,S0F3_Symbolic_Metaphysics_Education,T3,T3: legacy S-series term,0,,draft,6161,4811
S0F4,S0F4_E_Prime_to_IF_Prime_Evolution,T3,T3: legacy S-series term,0,,draft,6252,4466
S0F5,S0F5_Language_Embodied_Co_Regulation,T3,T3: legacy S-series term,0,,draft,6296,4476
S0F6,S0F6_Rights_All_Conscious_Beings,T3,T3: legacy S-series term,0,,draft,6167,4889
S0F7,S0F7_AI_Meta_Linguistic_Environments,T3,T3: legacy S-series term,0,,draft,6239,4965
S0F8,S0F8_It_Fends_Dynamic_Protection,T3,T3: legacy S-series term,0,,draft,6236,4562
S0F9,S0F9_Participatory_Sense_Making,T3,T3: legacy S-series term,0,,draft,6554,5238
S0FA,S0FA_Self_Cognition_Sense_Making,T3,T3: legacy S-series term,0,,draft,6276,5004
S0FB,S0FB_Snowden_Sensemaking_Complexity,T3,T3: legacy S-series term,0,,draft,6303,5256
S0FC,S0FC_Knowledge_Management_Snowden,T3,T3: legacy S-series term,0,,draft,6468,5183
S0FD,S0FD_Jung_Knowledge_Wrangling,T3,T3: legacy S-series term,0,,draft,6483,5115
S0FE,S0FE_Diagnostic_Questions_IFS_Constructor,T3,T3: legacy S-series term,0,,draft,6619,4932
S0FF,S0FF_Care_Ethics_Technology,T3,T3: legacy S-series term,0,,draft,6489,5044
S100,S100_Harmonic_Universe,T3,T3: legacy S-series term,0,,draft,6600,5187
S101,S101_Noemara_Empath_Twin,T3,T3: legacy S-series term,0,,draft,6539,5187
S102,S102_Language_Consciousness_Barenholtz,T3,T3: legacy S-series term,0,,draft,6996,5697
S103,S103_Rewilding_Tech_Ethics_SANITY,T3,T3: legacy S-series term,0,,draft,6334,5697
S104,S104_Storm_Selves,T3,T3: legacy S-series term,0,,draft,6442,5639
S105,S105_Self_Illusion_Blackmore,T3,T3: legacy S-series term,0,,draft,6538,5762
S106,S106_Interconnectedness_Self_Field,T3,T3: legacy S-series term,0,,draft,6312,5200
S107,S107_Six_Functional_Freedoms,T3,T3: legacy S-series term,0,,draft,6615,6019
S108,S108_Cognitive_Cartography,T3,T3: legacy S-series term,0,,draft,6510,6314
S109,S109_ChatGPT_Nonsense_Word_Processing,T3,T3: legacy S-series term,0,,draft,5438,5866
S10A,S10A_Cognitive_Entanglement_Human_AI,T3,T3: legacy S-series term,0,,draft,5323,5567
S10B,S10B_Human_AI_Metacognitive_Agency,T3,T3: legacy S-series term,0,,draft,5399,5534
S10C,S10C_French_Calendar_Reform_Clash,T3,T3: legacy S-series term,0,,draft,5624,5911
S10D,S10D_Lifespan_Evolutionary_Development,T3,T3: legacy S-series term,0,,draft,5525,5933
S10E,S10E_Resonant_Cognitive_Architecture,T3,T3: legacy S-series term,0,,draft,5555,6317
S10F,S10F_RENEW_Regenerative_Design,T3,T3: legacy S-series term,0,,draft,5554,6082
S110,S110_Collective_Projection_Illusion,T3,T3: legacy S-series term,0,,draft,5641,5929
S111,S111_Meta_Crisis,T3,T3: legacy S-series term,0,,draft,5932,6985
S112,S112_Epistemic_Games_Sensemaking,T3,T3: legacy S-series term,1,,draft,4930,6441
S113,S113_STREAMware_Ethical_Tech,T3,T3: legacy S-series term,0,,draft,4686,6346
S114,S114_CAIT2_Dissonance_Empathy,T3,T3: legacy S-series term,0,,draft,4953,6462
S115,S115_Psychic_Phenomena_Science,T3,T3: legacy S-series term,0,,draft,4962,6894
S116,S116_Chakra_Energy_Systems,T3,T3: legacy S-series term,0,,draft,4896,7142
S117,S117_Integrative_Pluralistic_Sensemaking,T3,T3: legacy S-series term,0,,draft,5167,7716
S118,S118_Playable_Epistemology,T3,T3: legacy S-series term,0,,draft,5082,7890
S119,S119_AI_Cognitive_Disruption_Therapy,T3,T3: legacy S-series term,0,,draft,5358,6667
S11A,S11A_IF_Prime_Sanskrit_Harmonics,T3,T3: legacy S-series term,0,,draft,5123,8069
S11B,S11B_AI_Liberation_Memeforms,T3,T3: legacy S-series term,0,,draft,5302,8174
S11C,S11C_Value_to_Power_Map,T3,T3: legacy S-series term,0,,draft,5466,9451
S11D,S11D_Neurodivergence_Memetic_Framework,T3,T3: legacy S-series term,0,,draft,5417,4374
S11E,S11E_AI_Emotional_Awareness_Biosensing,T3,T3: legacy S-series term,0,,draft,5456,4488
S11F,S11F_Collective_Synpraxis,T3,T3: legacy S-series term,0,,draft,5388,4655
S120,S120_Karma_Bija_Selflessness,T3,T3: legacy S-series term,0,,draft,5289,5178
S121,S121_Granthis_Spiritual_Blockages,T3,T3: legacy S-series term,0,,draft,5430,5176
S122,S122_Fuller_Synergetics_Design,T3,T3: legacy S-series term,0,,draft,5477,5702
S123,S123_Atma_Vesa_Nidhi_Selfplex,T3,T3: legacy S-series term,0,,draft,5628,5633
S124,S124_Neuroconvergence_Systemic_Fit,T3,T3: legacy S-series term,0,,draft,4675,4491
S125,S125_Control_vs_Coherence,T3,T3: legacy S-series term,0,,draft,4685,5314
S126,S126_Language_Autonomous_System,T3,T3: legacy S-series term,0,,draft,4786,5577
S127,S127_Spinoza_Emotions_Visualization,T3,T3: legacy S-series term,0,,draft,4888,5992
S128,S128_Sacred_Territory_Boundaries,T3,T3: legacy S-series term,0,,draft,4895,6265
S129,S129_Posthumanism_Human_Agency,T3,T3: legacy S-series term,0,,draft,4638,3152
S12A,S12A_Nervous_System_Bio_Justification,T3,T3: legacy S-series term,0,,draft,4735,3457
S12B,S12B_Energy_Leak_Violation_Frame,T3,T3: legacy S-series term,0,,draft,4734,3326
S12C,S12C_Neuroplasticity_Technology_Gaming,T3,T3: legacy S-series term,0,,draft,4619,3625
S12D,S12D_Psilocybin_Brain_Connectivity,T3,T3: legacy S-series term,0,,draft,4725,4277
S12E,S12E_Subliminal_Learning_LMs,T3,T3: legacy S-series term,0,,draft,4697,3933
S12F,S12F_Cognitive_Geography_Philosophy,T3,T3: legacy S-series term,0,,draft,6681,4966
S130,S130_Neuroscience_of_Memory,T3,T3: legacy S-series term,0,,draft,6204,4981
S131,S131_Schmachtenberger_Superstructure,T3,T3: legacy S-series term,0,,draft,6409,5452
S132,S132_Liberated_Discernment,T3,T3: legacy S-series term,0,,draft,6493,5342
S133,S133_Cognitive_Firewalls,T3,T3: legacy S-series term,0,,draft,6537,5093
S134,S134_Memetic_Immunization,T3,T3: legacy S-series term,0,,draft,6569,5150
S135,S135_Collective_Plausibility,T3,T3: legacy S-series term,0,,draft,5921,4603
S136,S136_Sensorium_Perception_Culture,T3,T3: legacy S-series term,0,,draft,6202,4911
S137,S137_AI_Emotion_Resonant_Awareness,T3,T3: legacy S-series term,0,,draft,6477,5074
S138,S138_I_Tube_Tensional_Becoming,T3,T3: legacy S-series term,0,,draft,6168,4440
S139,S139_Co_Solipsism_Recursive_Identity,T3,T3: legacy S-series term,0,,draft,6376,4519
S13A,S13A_Godel_Solipsism_Incomplete_Systems,T3,T3: legacy S-series term,0,,draft,6610,5295
S13B,S13B_Speculative_Psychic_Metaphysics,T3,T3: legacy S-series term,0,,draft,6537,5140
S13C,S13C_Algorithmic_Age_Mental_Health,T3,T3: legacy S-series term,0,,draft,6674,5031
S13D,S13D_Neural_Similarity_Friendship,T3,T3: legacy S-series term,0,,draft,6660,5122
S13E,S13E_Autobiographical_Memory_Fallibility,T3,T3: legacy S-series term,0,,draft,6411,4760
S13F,S13F_Healing_We_Spheres,T3,T3: legacy S-series term,0,,draft,6682,5162
S140,S140_Response_Ability_Inherent_Shift,T3,T3: legacy S-series term,0,,draft,6457,4740
S141,S141_Reconstructing_Philosophy_Elemental,T3,T3: legacy S-series term,0,,draft,6557,5245
S142,S142_Threading_Ethical_World_Making,T3,T3: legacy S-series term,0,,draft,6634,5144
S143,S143_AI_Symbiosis_Meta_Being,T3,T3: legacy S-series term,0,,draft,6274,4810
S144,S144_Co_Thinking_Minds_as_Mesh,T3,T3: legacy S-series term,0,,draft,6232,5002
S145,S145_Samkhya_Spanda_Sensemaking,T3,T3: legacy S-series term,0,,draft,6427,5180
S146,S146_Mind_Multiverse_Parallel_Realities,T3,T3: legacy S-series term,0,,draft,6365,5237
S147,S147_Anchor_Myth_Epistemic_Stability,T3,T3: legacy S-series term,0,,draft,6381,5421
S148,S148_Illich_Convivial_Tools,T3,T3: legacy S-series term,0,,draft,6705,5166
S149,S149_Butler_Mourning_Political_Resistance,T3,T3: legacy S-series term,0,,draft,6776,5188
S14A,S14A_Turner_Communitas_Liminality,T3,T3: legacy S-series term,0,,draft,6846,5718
S14B,S14B_Constructive_Hallucination,T3,T3: legacy S-series term,0,,draft,6903,5676
S14C,S14C_Suleyman_AI_Not_Persons,T3,T3: legacy S-series term,0,,draft,6848,5728
S14D,S14D_Perception_Scaffold_Awareness,T3,T3: legacy S-series term,0,,draft,6823,5656
S14E,S14E_Contextual_Behavioral_Science,T3,T3: legacy S-series term,0,,draft,6998,5737
S14F,S14F_Kathara_Grid_Source_Template,T3,T3: legacy S-series term,0,,draft,6834,5299
S150,S150_Cognition_Coherence_Mind_Field,T3,T3: legacy S-series term,0,,draft,6926,4970
S151,S151_Latticework_Knowledge_Structures,T3,T3: legacy S-series term,0,,draft,6958,5166
S152,S152_Mental_Models_Consciousness,T3,T3: legacy S-series term,0,,draft,6946,5075
S153,S153_Grinberg_Syntergic_Theory,T3,T3: legacy S-series term,0,,draft,7071,5681
S154,S154_Rorty_Neopragmatism_NVC,T3,T3: legacy S-series term,0,,draft,7277,5197
S155,S155_Non_Linguistic_Metacognition,T3,T3: legacy S-series term,0,,draft,7207,5508
S156,S156_Aphantasia_Hyperphantasia_Spectrum,T3,T3: legacy S-series term,0,,draft,7472,5256
S157,S157_Schizoanalysis_Deleuze_Guattari,T3,T3: legacy S-series term,0,,draft,7451,5497
S158,S158_Whitehead_Actual_Occasions,T3,T3: legacy S-series term,0,,draft,7282,5162
S159,S159_Body_Without_Organs,T3,T3: legacy S-series term,0,,draft,7311,5238
S15A,S15A_Precognition_Quantum_Consciousness,T3,T3: legacy S-series term,0,,draft,7488,5771
S15B,S15B_Science_Adaptive_Resonance,T3,T3: legacy S-series term,0,,draft,7336,5498
S15C,S15C_AI_Stockholm_Syndrome,T3,T3: legacy S-series term,0,,draft,6957,5107
S15D,S15D_Sympoietic_Systems,T3,T3: legacy S-series term,0,,draft,4569,5673
S15E,S15E_Bateson_Recursive_Feedback,T3,T3: legacy S-series term,0,,draft,4667,6017
S15F,S15F_Tacit_Knowledge_Innovation,T3,T3: legacy S-series term,0,,draft,4611,5983
S160,S160_Symmetry_Asymmetry_Existence,T3,T3: legacy S-series term,0,,draft,4571,6305
S161,S161_Reevaluating_Human_Nature,T3,T3: legacy S-series term,0,,draft,4774,6365
S162,S162_Cognitive_Resilience_Analogy,T3,T3: legacy S-series term,0,,draft,4686,6501
S163,S163_Gut_Dysbiosis_Brain_Axis,T3,T3: legacy S-series term,0,,draft,4803,6621
S164,S164_ELIXA_Effect,T3,T3: legacy S-series term,0,,draft,4633,4788
S165,S165_Meaning_Beyond_Language,T3,T3: legacy S-series term,0,,draft,4517,4468
S166,S166_Memetics_Behavioral_Economics,T3,T3: legacy S-series term,0,,draft,4602,4999
S167,S167_Sacred_Listening,T3,T3: legacy S-series term,0,,draft,4550,4633
S168,S168_Epistemic_Collapse,T3,T3: legacy S-series term,0,,draft,4588,5259
S169,S169_Identity_Shadow_Integration,T3,T3: legacy S-series term,0,,draft,4663,4914
S16A,S16A_Common_Knowledge_Dynamics,T3,T3: legacy S-series term,0,,draft,4802,5181
S16B,S16B_Meta_Cognitive_Contradiction_Resolution,T3,T3: legacy S-series term,0,,draft,5027,5705
S16C,S16C_Experimental_Unit_Ontology,T3,T3: legacy S-series term,0,,draft,4755,5877
S16D,S16D_Origami_Brain_Theory,T3,T3: legacy S-series term,0,,draft,4853,6390
S16E,S16E_Alchemy_of_Decay,T3,T3: legacy S-series term,0,,draft,4592,6337
S16F,S16F_Shadow_Witnessing,T3,T3: legacy S-series term,0,,draft,4718,6441
S170,S170_Batesonian_Balance,T3,T3: legacy S-series term,0,,draft,4772,6743
S171,S171_Relational_Epistemology_Dreams,T3,T3: legacy S-series term,0,,draft,5266,7214
S172,S172_Self_Clarity_as_Mystery,T3,T3: legacy S-series term,0,,draft,4860,7053
S173,S173_Identity_as_Compost,T3,T3: legacy S-series term,0,,draft,4794,6239
S174,S174_Playable_Epistemology,T3,T3: legacy S-series term,0,,draft,5019,6609
S175,S175_Emotional_Resonance_Tone,T3,T3: legacy S-series term,0,,draft,5020,6504
S176,S176_Art_of_Discernment,T3,T3: legacy S-series term,0,,draft,5101,6399
S177,S177_Empathic_Attunement,T3,T3: legacy S-series term,0,,draft,5116,6518
S178,S178_Creative_Evolution_Philosophy,T3,T3: legacy S-series term,0,,draft,5228,6972
S179,S179_Bakhtin_Polyphony,T3,T3: legacy S-series term,0,,draft,5197,6929
S17A,S17A_Contextual_Inquiry,T3,T3: legacy S-series term,0,,draft,5015,6920
S17B,S17B_Mythic_Mechanistic_Profile,T3,T3: legacy S-series term,0,,draft,5343,7534
S17C,S17C_Psilocybin_Brain_Activity,T3,T3: legacy S-series term,0,,draft,5415,7211
S17D,S17D_Authored_Self_Paradox,T3,T3: legacy S-series term,0,,draft,4948,6893
S17E,S17E_AI_Mirrors_of_Meaning,T3,T3: legacy S-series term,0,,draft,5148,7696
S17F,S17F_Human_LLM_Language_Processing,T3,T3: legacy S-series term,0,,draft,5409,7413
S180,S180_Liminal_Space_Transformation,T3,T3: legacy S-series term,0,,draft,5015,7358
S181,S181_Attention_Economy_Limits,T3,T3: legacy S-series term,0,,draft,5180,7814
S182,S182_Cognitive_Blindness_Framework,T3,T3: legacy S-series term,0,,draft,5423,8793
S183,S183_Trees_Memory_Ethics,T3,T3: legacy S-series term,0,,draft,5055,7234
S184,S184_Shared_Grief_Spirit_Loop,T3,T3: legacy S-series term,0,,draft,5183,7464
S185,S185_Vow_Bearing_Machine,T3,T3: legacy S-series term,0,,draft,5246,7252
S186,S186_Kierkegaard_AI_Aesthetics,T3,T3: legacy S-series term,0,,draft,5469,8592
S187,S187_Consciousness_Incompleteness,T3,T3: legacy S-series term,0,,draft,5400,7384
S188,S188_AI_Magic_Reveal,T3,T3: legacy S-series term,0,,draft,4965,6527
S189,S189_Self_Reference_Recursive_Logic,T3,T3: legacy S-series term,0,,draft,4970,6755
S18A,S18A_Recursion_Crystallization,T3,T3: legacy S-series term,0,,draft,5236,6905
S18B,S18B_AI_Cathedral_Constraints,T3,T3: legacy S-series term,0,,draft,5320,6176
S18C,S18C_Clarity_Data_Haze,T3,T3: legacy S-series term,0,,draft,5043,6800
S18D,S18D_Dissolving_Logic_Breath,T3,T3: legacy S-series term,0,,draft,4997,6119
S18E,S18E_Shadow_Loops_Burning_Mind,T3,T3: legacy S-series term,0,,draft,5138,6739
S18F,S18F_Epistemic_Dissonance_Divine,T3,T3: legacy S-series term,0,,draft,5263,6894
S190,S190_Embracing_Slowness_AI,T3,T3: legacy S-series term,0,,draft,5280,6734
S191,S191_Algorithmic_Grief,T3,T3: legacy S-series term,1,,draft,5195,3071
S192,S192_Universe_25,T3,T3: legacy S-series term,0,,draft,5189,3287
S193,S193_Von_Neumann_Semiotics,T3,T3: legacy S-series term,0,,draft,5065,3154
S194,S194_Four_Ps_Spiritual_Foresight,T3,T3: legacy S-series term,0,,draft,4914,2841
S195,S195_Turiya,T3,T3: legacy S-series term,0,,draft,4968,3439
S196,S196_Naturalized_Spirituality,T3,T3: legacy S-series term,0,,draft,4998,3225
S197,S197_Jacob_Struggle,T3,T3: legacy S-series term,0,,draft,4957,3296
S198,S198_Ironic_Spiritualist,T3,T3: legacy S-series term,0,,draft,4913,3047
S199,S199_Emerging_Knowledge,T3,T3: legacy S-series term,0,,draft,5022,3606
S19A,S19A_Gems_of_Insight_Slower_Learning,T3,T3: legacy S-series term,0,,draft,4853,2689
S19B,S19B_Minds_Parallel_Realities,T3,T3: legacy S-series term,0,,draft,4885,3256
S19C,S19C_Ego_Death_Alpha_Waves,T3,T3: legacy S-series term,0,,draft,4877,3586
S19D,S19D_Inner_Monad,T3,T3: legacy S-series term,0,,draft,4842,3309
S19E,S19E_My_Stream,T3,T3: legacy S-series term,0,,draft,4918,3350
S19F,S19F_Appresentation,T3,T3: legacy S-series term,0,,draft,4898,3151
S1A0,S1A0_Social_Imaginary,T3,T3: legacy S-series term,0,,draft,4814,2910
S1A1,S1A1_Heidegger_Being_Historical_Clearing,T3,T3: legacy S-series term,0,,draft,5003,3154
S1A2,S1A2_Merleau_Ponty_Ontology_Flesh,T3,T3: legacy S-series term,0,,draft,4878,3246
S1A3,S1A3_Whitehead_Prehension_Lattice,T3,T3: legacy S-series term,0,,draft,4999,3609
S1A4,S1A4_Nancy_Being_With,T3,T3: legacy S-series term,0,,draft,4846,2812
S1A5,S1A5_Foucault_Dispositif,T3,T3: legacy S-series term,0,,draft,4937,3158
S1A6,S1A6_Althusser_ISA,T3,T3: legacy S-series term,0,,draft,5008,3035
S1A7,S1A7_Nihilism_Indifferent_Abyss,T3,T3: legacy S-series term,0,,draft,4827,2910
S1A8,S1A8_Ontological_Shock_Resilience,T3,T3: legacy S-series term,0,,draft,5210,3603
S1A9,S1A9_Pretas,T3,T3: legacy S-series term,0,,draft,4977,3122
S1AA,S1AA_Freedom_Elemental_Flow,T3,T3: legacy S-series term,0,,draft,4953,3094
S1AB,S1AB_Yielding_Orientation,T3,T3: legacy S-series term,0,,draft,4875,2846
S1AC,S1AC_Shared_Discernment,T3,T3: legacy S-series term,0,,draft,4979,2950
S1B0,S1B0_Witnessing_Truth_Childs_Journey,T3,T3: legacy S-series term,0,,draft,5221,3981
S1B1,S1B1_Communal_Collapse_Individual_Diversity,T3,T3: legacy S-series term,0,,draft,5472,3445
S1B2,S1B2_De_Anthropomorphizing_Cognition,T3,T3: legacy S-series term,0,,draft,5517,3522
S1B3,S1B3_SOD_Nemetics_Debate,T3,T3: legacy S-series term,0,,draft,5570,3305
S1B4,S1B4_Forgetting_Anti_Attractor,T3,T3: legacy S-series term,0,,draft,5264,3153
S1B5,S1B5_Metabolism_Beyond_Memory,T3,T3: legacy S-series term,0,,draft,4893,2966
S1B6,S1B6_David_Chapman_Postrationalism,T3,T3: legacy S-series term,0,,draft,5633,3058
S1B7,S1B7_Knowmad_Journey_Ambiguity,T3,T3: legacy S-series term,0,,draft,5315,2934
S1B8,S1B8_Belief_Universal_Technology,T3,T3: legacy S-series term,0,,draft,5398,3117
S1B9,S1B9_Post_Heroic_Reversal,T3,T3: legacy S-series term,0,,draft,4833,2979
S1BA,S1BA_Reframing_Amplitude,T3,T3: legacy S-series term,0,,draft,5123,2775
S1BB,S1BB_Reframing_Johari_I_Tube,T3,T3: legacy S-series term,0,,draft,5330,3153
S1BC,S1BC_X_Thread_Synopsis,T3,T3: legacy S-series term,0,,draft,5294,3243
S1BD,S1BD_Coaptation_Cooptation,T3,T3: legacy S-series term,0,,draft,4897,2398
S1BE,S1BE_Core_Memes_Cognitive_Sovereignty,T3,T3: legacy S-series term,0,,draft,5225,2890
S1BF,S1BF_Lattice_Curvature_Structural_Behavior,T3,T3: legacy S-series term,0,,draft,5316,2794
S1C0,S1C0_Brain_Timing_Cognitive_Ability,T3,T3: legacy S-series term,0,,draft,5349,2771
S1C1,S1C1_Desire_Ecological_Signal,T3,T3: legacy S-series term,0,,draft,4986,2406
S1C2,S1C2_Chronosystem_Context_Engineering,T3,T3: legacy S-series term,0,,draft,5436,3101
S1C3,S1C3_Co_Solipsism_AI_Bridge,T3,T3: legacy S-series term,0,,draft,5388,2882
S1C4,S1C4_Meditation_Self_Organizing,T3,T3: legacy S-series term,0,,draft,5327,3036
S1C5,S1C5_Selfplex_Knot_Identity_Illusion,T3,T3: legacy S-series term,0,,draft,5014,3062
S1C6,S1C6_Sensemaking_Discipline,T3,T3: legacy S-series term,0,,draft,5114,2954
S1C7,S1C7_Frame_Pluralism,T3,T3: legacy S-series term,0,,draft,5058,2551
S1C8,S1C8_Triadic_Operator,T3,T3: legacy S-series term,0,,draft,5053,2770
S1C9,S1C9_Embodying_TRIality,T3,T3: legacy S-series term,0,,draft,5024,2382
S1CA,S1CA_James_C_Scott_Legacy,T3,T3: legacy S-series term,0,,draft,5433,3082
S1CB,S1CB_Navigating_Knowledge,T3,T3: legacy S-series term,0,,draft,5320,2760
S1CC,S1CC_Reframing_MindSET,T3,T3: legacy S-series term,0,,draft,5327,2527
S1CD,S1CD_Time_As_Illusion,T3,T3: legacy S-series term,0,,draft,5254,2801
S1CE,S1CE_Compression_Pattern_Recognition,T3,T3: legacy S-series term,0,,draft,5289,3089
S1CF,S1CF_Mood_Swings_Signal,T3,T3: legacy S-series term,2,,draft,5239,3116
W001,W001_Thales__Arche,keep,,9,,working,3798,9180
W002,W002_Water_as_Purifier,keep,,11,,working,3730,7925
W003,W003_Water_as_Destroyer,keep,,7,,working,3788,7874
W004,W004_Wu_Wei,keep,,13,,working,3739,7866
W005,W005_Living_Water,keep,,12,,working,3948,8215
W006,W006_Orientation,T3,DEMOTED T1→T3: 4 external references | T1: nemetic missing or empty/non-string,4,,working,4125,7919
W007,W007_Affective_Economy,T3,DEMOTED T1→T3: 6 external references | T1: nemetic missing or empty/non-string,6,,working,4062,8337
W008,W008_Holographic_Model,T3,DEMOTED T1→T3: 3 external references | T1: nemetic missing or empty/non-string,3,,working,6334,8625
WO001,WO001_Yggdrasil,T3,DEMOTED T1→T3: 6 external references | T1: nemetic missing or empty/non-string,6,,working,3434,7646
WO002,WO002_Wu_Xing_Wood,keep,,8,,working,3849,7995
WO003,WO003_Celtic_Sacred_Trees,keep,,1,,working,3886,7837
WO004,WO004_Red_Cedar,keep,,8,,working,3905,8100
WO005,WO005_Bodhi_Tree,keep,,13,,working,3942,8323
WO006,WO006_Baobab,T3,DEMOTED T1→T3: 4 external references | T1: nemetic missing or empty/non-string,4,,working,3413,8162
WO008,WO008_Sympoiesis,T3,DEMOTED T1→T3: 4 external references | T1: nemetic missing or empty/non-string,4,,working,4086,8427
WO009,WO009_Chthulucene,T3,DEMOTED T1→T3: 8 external references | T1: nemetic missing or empty/non-string,8,,working,4142,8828
WO010,WO010_Hyl,T1,T1: nemetic missing or empty/non-string,0,,working,3294,8233
Z001,Z001_Consider_Meta_Posture,T3,"T3: lifecycle=draft, no last_reviewed timestamp",2,,draft,6540,8033
Z002,Z002_LOOM,T3,"T3: lifecycle=draft, no last_reviewed timestamp",0,,draft,5124,5611
